Symbol,Name,Release Date,Release Time
TGNA,TEGNA Inc.,08/09/2021,Pre-Market
SGMS,Scientific Games Corporation,08/09/2021,Pre-Market
TSN,"Tyson Foods, Inc.",08/09/2021,Pre-Market
APD,"Air Products and Chemicals, Inc.",08/09/2021,Pre-Market
GOLD,Barrick Gold Corporation,08/09/2021,Pre-Market
JOUT,Johnson Outdoors Inc.,08/09/2021,Pre-Market
VTRS,Viatris Inc.,08/09/2021,Pre-Market
GTES,Gates Industrial Corporation plc,08/09/2021,Pre-Market
AGEN,Agenus Inc.,08/09/2021,Pre-Market
GLNG,Golar LNG Limited,08/09/2021,Pre-Market
LINC,Lincoln Educational Services Corporation,08/09/2021,Pre-Market
VFF,"Village Farms International, Inc.",08/09/2021,Pre-Market
DS,Drive Shack Inc.,08/09/2021,Pre-Market
EGRX,"Eagle Pharmaceuticals, Inc.",08/09/2021,Pre-Market
CEVA,"CEVA, Inc.",08/09/2021,Pre-Market
KOS,Kosmos Energy Ltd.,08/09/2021,Pre-Market
INSW,"International Seaways, Inc.",08/09/2021,Pre-Market
LTBR,Lightbridge Corporation,08/09/2021,Pre-Market
III,"Information Services Group, Inc.",08/09/2021,Pre-Market
KNDI,"Kandi Technologies Group, Inc.",08/09/2021,Pre-Market
AMRX,"Amneal Pharmaceuticals, Inc.",08/09/2021,Pre-Market
DRNA,"Dicerna Pharmaceuticals, Inc.",08/09/2021,Pre-Market
TTD,"The Trade Desk, Inc.",08/09/2021,Pre-Market
BALY,Bally's Corporation,08/09/2021,Pre-Market
PRVA,"Privia Health Group, Inc.",08/09/2021,Pre-Market
AVYA,Avaya Holdings Corp.,08/09/2021,Pre-Market
HMTV,"Hemisphere Media Group, Inc.",08/09/2021,Pre-Market
AXSM,"Axsome Therapeutics, Inc.",08/09/2021,Pre-Market
DMS,"Digital Media Solutions, Inc.",08/09/2021,Pre-Market
SWAV,"ShockWave Medical, Inc.",08/09/2021,Pre-Market
ENR,"Energizer Holdings, Inc.",08/09/2021,Pre-Market
RWLK,ReWalk Robotics Ltd.,08/09/2021,Pre-Market
BFLY,"Butterfly Network, Inc.",08/09/2021,Pre-Market
PXS,Pyxis Tankers Inc.,08/09/2021,Pre-Market
RUBY,"Rubius Therapeutics, Inc.",08/09/2021,Pre-Market
ATER,"Aterian, Inc.",08/09/2021,Pre-Market
PRTH,"Priority Technology Holdings, Inc.",08/09/2021,Pre-Market
KLR,"Kaleyra, Inc.",08/09/2021,Pre-Market
FREE,"Whole Earth Brands, Inc.",08/09/2021,Pre-Market
SCPL,SciPlay Corporation,08/09/2021,Pre-Market
CRNC,Cerence Inc.,08/09/2021,Pre-Market
ATHX,"Athersys, Inc.",08/09/2021,Post-Market
ETH,Ethan Allen Interiors Inc.,08/09/2021,Post-Market
FGEN,"FibroGen, Inc.",08/09/2021,Post-Market
INO,"Inovio Pharmaceuticals, Inc.",08/09/2021,Post-Market
HNRG,Hallador Energy Company,08/09/2021,Post-Market
OMER,Omeros Corporation,08/09/2021,Post-Market
SENS,"Senseonics Holdings, Inc.",08/09/2021,Post-Market
STE,STERIS plc,08/09/2021,Post-Market
ASUR,"Asure Software, Inc.",08/09/2021,Post-Market
QLYS,"Qualys, Inc.",08/09/2021,Post-Market
MODN,"Model N, Inc.",08/09/2021,Post-Market
CXW,"CoreCivic, Inc.",08/09/2021,Post-Market
CBT,Cabot Corporation,08/09/2021,Post-Market
AVD,American Vanguard Corporation,08/09/2021,Post-Market
ESE,ESCO Technologies Inc.,08/09/2021,Post-Market
MESA,"Mesa Air Group, Inc.",08/09/2021,Post-Market
ORGO,Organogenesis Holdings Inc.,08/09/2021,Post-Market
PAR,PAR Technology Corporation,08/09/2021,Post-Market
IPAR,"Inter Parfums, Inc.",08/09/2021,Post-Market
NTR,Nutrien Ltd.,08/09/2021,Post-Market
IIN,IntriCon Corporation,08/09/2021,Post-Market
DDD,3D Systems Corporation,08/09/2021,Post-Market
NHI,"National Health Investors, Inc.",08/09/2021,Post-Market
SNEX,StoneX Group Inc.,08/09/2021,Post-Market
HLIO,"Helios Technologies, Inc.",08/09/2021,Post-Market
DOOR,Masonite International Corporation,08/09/2021,Post-Market
FNHC,FedNat Holding Company,08/09/2021,Post-Market
NLS,"Nautilus, Inc.",08/09/2021,Post-Market
QMCO,Quantum Corporation,08/09/2021,Post-Market
FTK,"Flotek Industries, Inc.",08/09/2021,Post-Market
CABO,"Cable One, Inc.",08/09/2021,Post-Market
AEMD,"Aethlon Medical, Inc.",08/09/2021,Post-Market
ACM,AECOM,08/09/2021,Post-Market
SNCR,"Synchronoss Technologies, Inc.",08/09/2021,Post-Market
CCXI,"ChemoCentryx, Inc.",08/09/2021,Post-Market
AMPH,"Amphastar Pharmaceuticals, Inc.",08/09/2021,Post-Market
SMTS,Sierra Metals Inc.,08/09/2021,Post-Market
HIL,"Hill International, Inc.",08/09/2021,Post-Market
REI,"Ring Energy, Inc.",08/09/2021,Post-Market
ADES,"Advanced Emissions Solutions, Inc.",08/09/2021,Post-Market
CPRX,"Catalyst Pharmaceuticals, Inc.",08/09/2021,Post-Market
LUNA,Luna Innovations Incorporated,08/09/2021,Post-Market
VAPO,"Vapotherm, Inc.",08/09/2021,Post-Market
RETA,"Reata Pharmaceuticals, Inc.",08/09/2021,Post-Market
HALO,"Halozyme Therapeutics, Inc.",08/09/2021,Post-Market
NCMI,"National CineMedia, Inc.",08/09/2021,Post-Market
XGN,Exagen Inc.,08/09/2021,Post-Market
EVBG,"Everbridge, Inc.",08/09/2021,Post-Market
CF,"CF Industries Holdings, Inc.",08/09/2021,Post-Market
PGEN,"Precigen, Inc.",08/09/2021,Post-Market
CAPL,CrossAmerica Partners LP,08/09/2021,Post-Market
ATCO,Atlas Corp.,08/09/2021,Post-Market
FF,FutureFuel Corp.,08/09/2021,Post-Market
DHT,"DHT Holdings, Inc.",08/09/2021,Post-Market
APEI,"American Public Education, Inc.",08/09/2021,Post-Market
MYO,"Myomo, Inc.",08/09/2021,Post-Market
SNDX,"Syndax Pharmaceuticals, Inc.",08/09/2021,Post-Market
CHGG,"Chegg, Inc.",08/09/2021,Post-Market
PEN,"Penumbra, Inc.",08/09/2021,Post-Market
FPAY,"FlexShopper, Inc.",08/09/2021,Post-Market
AMC,"AMC Entertainment Holdings, Inc.",08/09/2021,Post-Market
OCUL,"Ocular Therapeutix, Inc.",08/09/2021,Post-Market
APPF,"AppFolio, Inc.",08/09/2021,Post-Market
ADMS,"Adamas Pharmaceuticals, Inc.",08/09/2021,Post-Market
SQSP,"Squarespace, Inc.",08/09/2021,Post-Market
REPH,"Recro Pharma, Inc.",08/09/2021,Post-Market
CSTL,"Castle Biosciences, Inc.",08/09/2021,Post-Market
APTS,"Preferred Apartment Communities, Inc.",08/09/2021,Post-Market
NGL,NGL Energy Partners LP,08/09/2021,Post-Market
BCEI,"Bonanza Creek Energy, Inc.",08/09/2021,Post-Market
VRRM,Verra Mobility Corporation,08/09/2021,Post-Market
LOTZ,"CarLotz, Inc.",08/09/2021,Post-Market
LYRA,"Lyra Therapeutics, Inc.",08/09/2021,Post-Market
NEXI,"NexImmune, Inc.",08/09/2021,Post-Market
BARK,The Original BARK Company,08/09/2021,Post-Market
ROVR,"Rover Group, Inc.",08/09/2021,Post-Market
REAL,"The RealReal, Inc.",08/09/2021,Post-Market
LFT,"Lument Finance Trust, Inc.",08/09/2021,Post-Market
TALK-OLD,Hudson Executive Investment Corp.,08/09/2021,Post-Market
WES,"Western Midstream Partners, LP",08/09/2021,Post-Market
COMP,"Compass, Inc.",08/09/2021,Post-Market
MILE,"Metromile, Inc.",08/09/2021,Post-Market
OSH,"Oak Street Health, Inc.",08/09/2021,Post-Market
IIIV,"i3 Verticals, Inc.",08/09/2021,Post-Market
ARCT,Arcturus Therapeutics Holdings Inc.,08/09/2021,Post-Market
CHMI,Cherry Hill Mortgage Investment Corporation,08/09/2021,Post-Market
ATRA,"Atara Biotherapeutics, Inc.",08/09/2021,Post-Market
TPTX,"Turning Point Therapeutics, Inc.",08/09/2021,Post-Market
CELC,Celcuity Inc.,08/09/2021,Post-Market
TCDA,"Tricida, Inc.",08/09/2021,Post-Market
ALHC,"Alignment Healthcare, Inc.",08/09/2021,Post-Market
BRMK,Broadmark Realty Capital Inc.,08/09/2021,Post-Market
SDC,"SmileDirectClub, Inc.",08/09/2021,Post-Market
OR,Osisko Gold Royalties Ltd,08/09/2021,Post-Market
PLSE,"Pulse Biosciences, Inc.",08/09/2021,Post-Market
EXTN,Exterran Corporation,08/09/2021,Post-Market
FLNT,"Fluent, Inc.",08/09/2021,Post-Market
SAIL,"SailPoint Technologies Holdings, Inc.",08/09/2021,Post-Market
PLNT,"Planet Fitness, Inc.",08/09/2021,Post-Market
CLPR,Clipper Realty Inc.,08/09/2021,Post-Market
ADV,Advantage Solutions Inc.,08/09/2021,Post-Market
FLGT,"Fulgent Genetics, Inc.",08/09/2021,Post-Market
AZYO,"Aziyo Biologics, Inc.",08/09/2021,Post-Market
ID,"PARTS iD, Inc.",08/09/2021,Post-Market
WTRH,Waitr Holdings Inc.,08/09/2021,Post-Market
BRP,"BRP Group, Inc.",08/09/2021,Post-Market
GPMT,Granite Point Mortgage Trust Inc.,08/09/2021,Post-Market
PRPL,"Purple Innovation, Inc.",08/09/2021,Post-Market
SIC,"Select Interior Concepts, Inc.",08/09/2021,Post-Market
OUST,"Ouster, Inc.",08/09/2021,Post-Market
RPAY,Repay Holdings Corporation,08/09/2021,Post-Market
HPK,"HighPeak Energy, Inc.",08/09/2021,Post-Market
EVCM,EverCommerce Inc.,08/09/2021,Post-Market
SEMR,"SEMrush Holdings, Inc.",08/09/2021,Post-Market
ELY,Callaway Golf Company,08/09/2021,Estimated
BLUE,"bluebird bio, Inc.",08/09/2021,Estimated
TLF,"Tandy Leather Factory, Inc.",08/09/2021,Estimated
BLU,BELLUS Health Inc.,08/09/2021,Estimated
DISH,DISH Network Corporation,08/09/2021,Estimated
RDI,"Reading International, Inc.",08/09/2021,Estimated
EBIX,"Ebix, Inc.",08/09/2021,Estimated
HE,"Hawaiian Electric Industries, Inc.",08/09/2021,Estimated
LGL,"The LGL Group, Inc.",08/09/2021,Estimated
NPK,"National Presto Industries, Inc.",08/09/2021,Estimated
PMD,Psychemedics Corporation,08/09/2021,Estimated
SYNL,Synalloy Corporation,08/09/2021,Estimated
UUU,"Universal Security Instruments, Inc.",08/09/2021,Estimated
WWR,"Westwater Resources, Inc.",08/09/2021,Estimated
MPAA,"Motorcar Parts of America, Inc.",08/09/2021,Estimated
VWTR,"Vidler Water Resources, Inc.",08/09/2021,Estimated
WVFC,WVS Financial Corp.,08/09/2021,Estimated
BYFC,Broadway Financial Corporation,08/09/2021,Estimated
TSBK,"Timberland Bancorp, Inc.",08/09/2021,Estimated
PCTI,"PCTEL, Inc.",08/09/2021,Estimated
PRTK,"Paratek Pharmaceuticals, Inc.",08/09/2021,Estimated
ZN,"Zion Oil & Gas, Inc.",08/09/2021,Estimated
HBM,Hudbay Minerals Inc.,08/09/2021,Estimated
SFBC,"Sound Financial Bancorp, Inc.",08/09/2021,Estimated
ITCI,"Intra-Cellular Therapies, Inc.",08/09/2021,Estimated
XPEL,"XPEL, Inc.",08/09/2021,Estimated
ZIOP,"ZIOPHARM Oncology, Inc.",08/09/2021,Estimated
QUBT,"Quantum Computing, Inc.",08/09/2021,Estimated
VUZI,Vuzix Corporation,08/09/2021,Estimated
CARA,"Cara Therapeutics, Inc.",08/09/2021,Estimated
CORR,"CorEnergy Infrastructure Trust, Inc.",08/09/2021,Estimated
HQI,"HireQuest, Inc.",08/09/2021,Estimated
APPS,"Digital Turbine, Inc.",08/09/2021,Estimated
NBEV,"NewAge, Inc.",08/09/2021,Estimated
SCOR,"comScore, Inc.",08/09/2021,Estimated
EPZM,"Epizyme, Inc.",08/09/2021,Estimated
FBIO,"Fortress Biotech, Inc.",08/09/2021,Estimated
WKHS,Workhorse Group Inc.,08/09/2021,Estimated
APLS,"Apellis Pharmaceuticals, Inc.",08/09/2021,Estimated
RGNX,REGENXBIO Inc.,08/09/2021,Estimated
GATO,"Gatos Silver, Inc.",08/09/2021,Estimated
CHMA,"Chiasma, Inc.",08/09/2021,Estimated
BSGM,"BioSig Technologies, Inc.",08/09/2021,Estimated
PME,Pingtan Marine Enterprise Ltd.,08/09/2021,Estimated
STOK,"Stoke Therapeutics, Inc.",08/09/2021,Estimated
BHVN,Biohaven Pharmaceutical Holding Company Ltd.,08/09/2021,Estimated
BHTG,"BioHiTech Global, Inc.",08/09/2021,Estimated
VRTV,Veritiv Corporation,08/09/2021,Estimated
WTREP,Watford Holdings Ltd. 8.5% CUM RED PFD,08/09/2021,Estimated
WPG,Washington Prime Group Inc.,08/09/2021,Estimated
SYNH,"Syneos Health, Inc.",08/09/2021,Estimated
KERN,Akerna Corp.,08/09/2021,Estimated
SRG,Seritage Growth Properties,08/09/2021,Estimated
SIOX,Sio Gene Therapies Inc.,08/09/2021,Estimated
FRHC,Freedom Holding Corp.,08/09/2021,Estimated
KLDO,"Kaleido Biosciences, Inc.",08/09/2021,Estimated
KOD,Kodiak Sciences Inc.,08/09/2021,Estimated
USFD,US Foods Holding Corp.,08/09/2021,Estimated
PLRX,"Pliant Therapeutics, Inc.",08/09/2021,Estimated
IDYA,"IDEAYA Biosciences, Inc.",08/09/2021,Estimated
RCKT,"Rocket Pharmaceuticals, Inc.",08/09/2021,Estimated
SGTX,"Sigilon Therapeutics, Inc.",08/09/2021,Estimated
GOSS,"Gossamer Bio, Inc.",08/09/2021,Estimated
GANX,"Gain Therapeutics, Inc.",08/09/2021,Estimated
HFFG,HF Foods Group Inc.,08/09/2021,Estimated
LEGH,Legacy Housing Corporation,08/09/2021,Estimated
LRMR,"Larimar Therapeutics, Inc.",08/09/2021,Estimated
SRT,"StarTek, Inc.",08/09/2021,Estimated
ELAN,Elanco Animal Health Incorporated,08/09/2021,Estimated
FBRX,"Forte Biosciences, Inc.",08/09/2021,Estimated
PNTG,"The Pennant Group, Inc.",08/09/2021,Estimated
CMBM,Cambium Networks Corporation,08/09/2021,Estimated
DSGN,"Design Therapeutics, Inc.",08/09/2021,Estimated
SCVX,SCVX Corp.,08/09/2021,Estimated
LBPH,"Longboard Pharmaceuticals, Inc.",08/09/2021,Estimated
TCBS,"Texas Community Bancshares, Inc.",08/09/2021,Estimated
BSY,"Bentley Systems, Incorporated",08/10/2021,Pre-Market
STRR,"Star Equity Holdings, Inc.",08/10/2021,Pre-Market
STXS,"Stereotaxis, Inc.",08/10/2021,Pre-Market
SPCB,SuperCom Ltd.,08/10/2021,Pre-Market
GHM,Graham Corporation,08/10/2021,Pre-Market
IIVI,II-VI Incorporated,08/10/2021,Pre-Market
VSH,"Vishay Intertechnology, Inc.",08/10/2021,Pre-Market
CIR,"CIRCOR International, Inc.",08/10/2021,Pre-Market
TAC,TransAlta Corporation,08/10/2021,Pre-Market
MDWD,MediWound Ltd.,08/10/2021,Pre-Market
EXK,Endeavour Silver Corp.,08/10/2021,Pre-Market
JBI,"Janus International Group, Inc.",08/10/2021,Pre-Market
MRNS,"Marinus Pharmaceuticals, Inc.",08/10/2021,Pre-Market
CGAU,Centerra Gold Inc.,08/10/2021,Pre-Market
TDG,TransDigm Group Incorporated,08/10/2021,Pre-Market
NSPR,"InspireMD, Inc.",08/10/2021,Pre-Market
KRNT,Kornit Digital Ltd.,08/10/2021,Pre-Market
ITP,"IT Tech Packaging, Inc.",08/10/2021,Pre-Market
VPG,"Vishay Precision Group, Inc.",08/10/2021,Pre-Market
ISPC,iSpecimen Inc.,08/10/2021,Pre-Market
VITL,"Vital Farms, Inc.",08/10/2021,Pre-Market
KPLT,"Katapult Holdings, Inc.",08/10/2021,Pre-Market
ATY,AcuityAds Holdings Inc.,08/10/2021,Pre-Market
CSPR,Casper Sleep Inc.,08/10/2021,Pre-Market
HMPT,Home Point Capital Inc.,08/10/2021,Pre-Market
FULC,"Fulcrum Therapeutics, Inc.",08/10/2021,Pre-Market
BTAI,"BioXcel Therapeutics, Inc.",08/10/2021,Pre-Market
DFH,"Dream Finders Homes, Inc.",08/10/2021,Pre-Market
GTEC,Greenland Technologies Holding Corporation,08/10/2021,Pre-Market
NNOX,Nano-X Imaging Ltd.,08/10/2021,Pre-Market
HRMY,"Harmony Biosciences Holdings, Inc.",08/10/2021,Pre-Market
TBLA,Taboola.com Ltd.,08/10/2021,During-Market
HCKT,"The Hackett Group, Inc.",08/10/2021,Post-Market
PDFS,"PDF Solutions, Inc.",08/10/2021,Post-Market
PXLW,"Pixelworks, Inc.",08/10/2021,Post-Market
ONTF,"ON24, Inc.",08/10/2021,Post-Market
KTCC,Key Tronic Corporation,08/10/2021,Post-Market
PLBY,"PLBY Group, Inc.",08/10/2021,Post-Market
CHK,Chesapeake Energy Corporation,08/10/2021,Post-Market
DAR,Darling Ingredients Inc.,08/10/2021,Post-Market
BTN,"Ballantyne Strong, Inc",08/10/2021,Post-Market
GIFI,"Gulf Island Fabrication, Inc.",08/10/2021,Post-Market
PAAS,Pan American Silver Corp.,08/10/2021,Post-Market
EPAY,"Bottomline Technologies (de), Inc.",08/10/2021,Post-Market
FTEK,"Fuel Tech, Inc.",08/10/2021,Post-Market
COKE,"Coca-Cola Consolidated, Inc.",08/10/2021,Post-Market
WW,"WW International, Inc.",08/10/2021,Post-Market
CLPT,"ClearPoint Neuro, Inc.",08/10/2021,Post-Market
GO,Grocery Outlet Holding Corp.,08/10/2021,Post-Market
SQFT,"Presidio Property Trust, Inc.",08/10/2021,Post-Market
SMCI,"Super Micro Computer, Inc.",08/10/2021,Post-Market
ABST,Absolute Software Corporation,08/10/2021,Post-Market
RLMD,"Relmada Therapeutics, Inc.",08/10/2021,Post-Market
STON,StoneMor Inc.,08/10/2021,Post-Market
HROW,"Harrow Health, Inc.",08/10/2021,Post-Market
PFMT,Performant Financial Corporation,08/10/2021,Post-Market
CPIX,Cumberland Pharmaceuticals Inc.,08/10/2021,Post-Market
ENVX,Enovix Corporation,08/10/2021,Post-Market
LIFE,"aTyr Pharma, Inc.",08/10/2021,Post-Market
SIEN,"Sientra, Inc.",08/10/2021,Post-Market
SKIN,The Beauty Health Company,08/10/2021,Post-Market
STEP,StepStone Group Inc.,08/10/2021,Post-Market
PUBM,"PubMatic, Inc.",08/10/2021,Post-Market
BDSX,"Biodesix, Inc.",08/10/2021,Post-Market
RGLS,Regulus Therapeutics Inc.,08/10/2021,Post-Market
LPRO,Open Lending Corporation,08/10/2021,Post-Market
OCX,OncoCyte Corporation,08/10/2021,Post-Market
AVGR,"Avinger, Inc.",08/10/2021,Post-Market
TDUP,ThredUp Inc.,08/10/2021,Post-Market
FUBO,fuboTV Inc.,08/10/2021,Post-Market
DOCS,"Doximity, Inc.",08/10/2021,Post-Market
OLO,Olo Inc.,08/10/2021,Post-Market
BRDG,Bridge Investment Group Holdings Inc.,08/10/2021,Post-Market
SHLS,"Shoals Technologies Group, Inc.",08/10/2021,Post-Market
CWBR,"CohBar, Inc.",08/10/2021,Post-Market
POSH,"Poshmark, Inc.",08/10/2021,Post-Market
CLSD,"Clearside Biomedical, Inc.",08/10/2021,Post-Market
BVS,Bioventus Inc.,08/10/2021,Post-Market
STKS,"The ONE Group Hospitality, Inc.",08/10/2021,Post-Market
NVEE,"NV5 Global, Inc.",08/10/2021,Post-Market
MEG,"Montrose Environmental Group, Inc.",08/10/2021,Post-Market
U,Unity Software Inc.,08/10/2021,Post-Market
TASK,"TaskUs, Inc.",08/10/2021,Post-Market
AGFS,"AgroFresh Solutions, Inc.",08/10/2021,Post-Market
VEC,"Vectrus, Inc.",08/10/2021,Post-Market
PANL,"Pangaea Logistics Solutions, Ltd.",08/10/2021,Post-Market
SFT,"Shift Technologies, Inc.",08/10/2021,Post-Market
ALPN,"Alpine Immune Sciences, Inc.",08/10/2021,Post-Market
UPST,"Upstart Holdings, Inc.",08/10/2021,Post-Market
COIN,"Coinbase Global, Inc.",08/10/2021,Post-Market
AKYA,"Akoya Biosciences, Inc.",08/10/2021,Post-Market
OPFI,OppFi Inc.,08/10/2021,Post-Market
HYRE,HyreCar Inc.,08/10/2021,Post-Market
JAMF,Jamf Holding Corp.,08/10/2021,Post-Market
MRVI,"Maravai LifeSciences Holdings, Inc.",08/10/2021,Post-Market
CURI,CuriosityStream Inc.,08/10/2021,Post-Market
EGLX,Enthusiast Gaming Holdings Inc.,08/10/2021,Post-Market
TLIS,Talis Biomedical Corporation,08/10/2021,Post-Market
PSTL,"Postal Realty Trust, Inc.",08/10/2021,Post-Market
MCFE,McAfee Corp.,08/10/2021,Post-Market
SGFY,"Signify Health, Inc.",08/10/2021,Post-Market
FLYW,Flywire Corporation,08/10/2021,Post-Market
ZETA,Zeta Global Holdings Corp.,08/10/2021,Post-Market
PAY,"Paymentus Holdings, Inc.",08/10/2021,Post-Market
ALLT,Allot Ltd.,08/10/2021,Estimated
TDW,Tidewater Inc.,08/10/2021,Estimated
KODK,Eastman Kodak Company,08/10/2021,Estimated
UTSI,UTStarcom Holdings Corp.,08/10/2021,Estimated
AXR,AMREP Corporation,08/10/2021,Estimated
SYY,Sysco Corporation,08/10/2021,Estimated
AP,Ampco-Pittsburgh Corporation,08/10/2021,Estimated
BRK.A,Berkshire Hathaway Inc.,08/10/2021,Estimated
GTIM,Good Times Restaurants Inc.,08/10/2021,Estimated
OBCI,"Ocean Bio-Chem, Inc.",08/10/2021,Estimated
CRT,Cross Timbers Royalty Trust,08/10/2021,Estimated
GILT,Gilat Satellite Networks Ltd.,08/10/2021,Estimated
CDOR,"Condor Hospitality Trust, Inc.",08/10/2021,Estimated
FLL,"Full House Resorts, Inc.",08/10/2021,Estimated
NOVT,Novanta Inc.,08/10/2021,Estimated
CXDO,"Crexendo, Inc.",08/10/2021,Estimated
DCTH,"Delcath Systems, Inc.",08/10/2021,Estimated
ARMK,Aramark,08/10/2021,Estimated
BATL,Battalion Oil Corporation,08/10/2021,Estimated
SONM,"Sonim Technologies, Inc.",08/10/2021,Estimated
NVCN,Neovasc Inc.,08/10/2021,Estimated
UFAB,"Unique Fabricating, Inc.",08/10/2021,Estimated
LRN,"Stride, Inc.",08/10/2021,Estimated
GCMG,GCM Grosvenor Inc.,08/10/2021,Estimated
GOOD,Gladstone Commercial Corporation,08/10/2021,Estimated
PAYS,"PaySign, Inc.",08/10/2021,Estimated
SSTI,"ShotSpotter, Inc.",08/10/2021,Estimated
AIRG,"Airgain, Inc.",08/10/2021,Estimated
NUWE,"Nuwellis, Inc.",08/10/2021,Estimated
LQDA,Liquidia Corporation,08/10/2021,Estimated
XBIO,"Xenetic Biosciences, Inc.",08/10/2021,Estimated
ZSAN,Zosano Pharma Corporation,08/10/2021,Estimated
XELA,"Exela Technologies, Inc.",08/10/2021,Estimated
CLRB,"Cellectar Biosciences, Inc.",08/10/2021,Estimated
FURY,Fury Gold Mines Limited,08/10/2021,Estimated
AZRE,Azure Power Global Limited,08/10/2021,Estimated
KOR,Corvus Gold Inc.,08/10/2021,Estimated
LPTX,"Leap Therapeutics, Inc.",08/10/2021,Estimated
NARI,"Inari Medical, Inc.",08/10/2021,Estimated
AAMC,Altisource Asset Management Corporation,08/10/2021,Estimated
GRTX,"Galera Therapeutics, Inc.",08/10/2021,Estimated
DNAY,"Codex DNA, Inc.",08/10/2021,Estimated
MTNB,"Matinas BioPharma Holdings, Inc.",08/10/2021,Estimated
WISA,"Summit Wireless Technologies, Inc.",08/10/2021,Estimated
DLNG,Dynagas LNG Partners LP,08/10/2021,Estimated
XAIR,"Beyond Air, Inc.",08/10/2021,Estimated
RAPT,"RAPT Therapeutics, Inc.",08/10/2021,Estimated
TYME,"Tyme Technologies, Inc.",08/10/2021,Estimated
PSTX,"Poseida Therapeutics, Inc.",08/10/2021,Estimated
PCVX,"Vaxcyte, Inc.",08/10/2021,Estimated
LOGC,"LogicBio Therapeutics, Inc.",08/10/2021,Estimated
TRMD,TORM plc,08/10/2021,Estimated
APVO,Aptevo Therapeutics Inc.,08/10/2021,Estimated
APTX,Aptinyx Inc.,08/10/2021,Estimated
REKR,"Rekor Systems, Inc.",08/10/2021,Estimated
CLNN,Clene Inc.,08/10/2021,Estimated
ICCH,"ICC Holdings, Inc.",08/10/2021,Estimated
MGTX,MeiraGTx Holdings plc,08/10/2021,Estimated
PRAX,"Praxis Precision Medicines, Inc.",08/10/2021,Estimated
PCSB,PCSB Financial Corporation,08/10/2021,Estimated
FHTX,Foghorn Therapeutics Inc.,08/10/2021,Estimated
OLMA,"Olema Pharmaceuticals, Inc.",08/10/2021,Estimated
RAIN,Rain Therapeutics Inc.,08/10/2021,Estimated
KRON,"Kronos Bio, Inc.",08/10/2021,Estimated
BEAM,Beam Therapeutics Inc.,08/10/2021,Estimated
CHRA,"Charah Solutions, Inc.",08/10/2021,Estimated
PHAT,"Phathom Pharmaceuticals, Inc.",08/10/2021,Estimated
GSMG,Glory Star New Media Group Holdings Limited,08/10/2021,Estimated
TSHA,"Taysha Gene Therapies, Inc.",08/10/2021,Estimated
OMEG,Omega Alpha SPAC,08/10/2021,Estimated
RACB,Research Alliance Corp. II,08/10/2021,Estimated
WEN,The Wendy's Company,08/11/2021,Pre-Market
HAE,Haemonetics Corporation,08/11/2021,Pre-Market
CSPI,CSP Inc.,08/11/2021,Pre-Market
CRWS,"Crown Crafts, Inc.",08/11/2021,Pre-Market
STKL,SunOpta Inc.,08/11/2021,Pre-Market
WTT,"Wireless Telecom Group, Inc.",08/11/2021,Pre-Market
CYD,China Yuchai International Limited,08/11/2021,Pre-Market
THRY,"Thryv Holdings, Inc.",08/11/2021,Pre-Market
NGD,New Gold Inc.,08/11/2021,Pre-Market
KMDA,Kamada Ltd.,08/11/2021,Pre-Market
TMDI,Titan Medical Inc.,08/11/2021,Pre-Market
WIX,Wix.com Ltd.,08/11/2021,Pre-Market
GOOS,Canada Goose Holdings Inc.,08/11/2021,Pre-Market
TUFN,Tufin Software Technologies Ltd.,08/11/2021,Pre-Market
ARCO,Arcos Dorados Holdings Inc.,08/11/2021,Pre-Market
EOSE,"Eos Energy Enterprises, Inc.",08/11/2021,Pre-Market
MOGO,Mogo Inc.,08/11/2021,Pre-Market
IS,ironSource Ltd.,08/11/2021,Pre-Market
BLI,"Berkeley Lights, Inc.",08/11/2021,Pre-Market
INVZ,Innoviz Technologies Ltd.,08/11/2021,Pre-Market
HYLN,Hyliion Holdings Corp.,08/11/2021,Pre-Market
APG,APi Group Corporation,08/11/2021,Pre-Market
EVGO,"EVgo, Inc.",08/11/2021,Pre-Market
CERE,"Cerevel Therapeutics Holdings, Inc.",08/11/2021,Pre-Market
TH,Target Hospitality Corp.,08/11/2021,Pre-Market
REAX,The Real Brokerage Inc.,08/11/2021,Pre-Market
AYRO,"Ayro, Inc.",08/11/2021,Pre-Market
RPRX,Royalty Pharma plc,08/11/2021,Pre-Market
FTCI,"FTC Solar, Inc.",08/11/2021,Pre-Market
AZPN,"Aspen Technology, Inc.",08/11/2021,Post-Market
NOTV,"Inotiv, Inc.",08/11/2021,Post-Market
CGRN,Capstone Green Energy Corporation,08/11/2021,Post-Market
EBAY,eBay Inc.,08/11/2021,Post-Market
ISSC,"Innovative Solutions and Support, Inc.",08/11/2021,Post-Market
CACI,CACI International Inc,08/11/2021,Post-Market
AVT,"Avnet, Inc.",08/11/2021,Post-Market
RGLD,"Royal Gold, Inc.",08/11/2021,Post-Market
FOSL,"Fossil Group, Inc.",08/11/2021,Post-Market
MCF,Contango Oil & Gas Company,08/11/2021,Post-Market
EGY,"VAALCO Energy, Inc.",08/11/2021,Post-Market
XENE,Xenon Pharmaceuticals Inc.,08/11/2021,Post-Market
ARAY,Accuray Incorporated,08/11/2021,Post-Market
ASM,Avino Silver & Gold Mines Ltd.,08/11/2021,Post-Market
FSM,Fortuna Silver Mines Inc.,08/11/2021,Post-Market
DMAC,DiaMedica Therapeutics Inc.,08/11/2021,Post-Market
GHLD,Guild Holdings Company,08/11/2021,Post-Market
BWMN,Bowman Consulting Group Ltd.,08/11/2021,Post-Market
AOSL,Alpha and Omega Semiconductor Limited,08/11/2021,Post-Market
SONO,"Sonos, Inc.",08/11/2021,Post-Market
GOVX,"GeoVax Labs, Inc.",08/11/2021,Post-Market
GOCO,"GoHealth, Inc.",08/11/2021,Post-Market
ESEA,Euroseas Ltd.,08/11/2021,Post-Market
AXU,Alexco Resource Corp.,08/11/2021,Post-Market
ATEX,Anterix Inc.,08/11/2021,Post-Market
PAYO,Payoneer Global Inc.,08/11/2021,Post-Market
TCON,"TRACON Pharmaceuticals, Inc.",08/11/2021,Post-Market
IFS,Intercorp Financial Services Inc.,08/11/2021,Post-Market
FNV,Franco-Nevada Corporation,08/11/2021,Post-Market
OBLG,Oblong Inc.,08/11/2021,Post-Market
HSTO,Histogen Inc.,08/11/2021,Post-Market
ADMA,"ADMA Biologics, Inc.",08/11/2021,Post-Market
ARRY,"Array Technologies, Inc.",08/11/2021,Post-Market
BLNK,Blink Charging Co.,08/11/2021,Post-Market
CNFR,"Conifer Holdings, Inc.",08/11/2021,Post-Market
TKNO,"Alpha Teknova, Inc.",08/11/2021,Post-Market
DIBS,"1stdibs.Com, Inc.",08/11/2021,Post-Market
MQ,"Marqeta, Inc.",08/11/2021,Post-Market
DUOL,"Duolingo, Inc.",08/11/2021,Post-Market
XONE,The ExOne Company,08/11/2021,Post-Market
APP,AppLovin Corporation,08/11/2021,Post-Market
RESN,Resonant Inc.,08/11/2021,Post-Market
VRM,"Vroom, Inc.",08/11/2021,Post-Market
MDVL,"MedAvail Holdings, Inc",08/11/2021,Post-Market
OPEN,Opendoor Technologies Inc.,08/11/2021,Post-Market
RVMD,"Revolution Medicines, Inc.",08/11/2021,Post-Market
CCAP,"Crescent Capital BDC, Inc.",08/11/2021,Post-Market
ACVA,ACV Auctions Inc.,08/11/2021,Post-Market
EYEN,"Eyenovia, Inc.",08/11/2021,Post-Market
LSF,"Laird Superfood, Inc.",08/11/2021,Post-Market
BMTX,"BM Technologies, Inc.",08/11/2021,Post-Market
DM,"Desktop Metal, Inc.",08/11/2021,Post-Market
CLOV,"Clover Health Investments, Corp.",08/11/2021,Post-Market
BMBL,Bumble Inc.,08/11/2021,Post-Market
RXT,"Rackspace Technology, Inc.",08/11/2021,Post-Market
RDVT,"Red Violet, Inc.",08/11/2021,Post-Market
HIMS,"Hims & Hers Health, Inc.",08/11/2021,Post-Market
MSP,Datto Holding Corp.,08/11/2021,Post-Market
AVAH,Aveanna Healthcare Holdings Inc.,08/11/2021,Post-Market
GBS,GBS Inc.,08/11/2021,Post-Market
FTHM,Fathom Holdings Inc.,08/11/2021,Post-Market
ROOT,"Root, Inc.",08/11/2021,Post-Market
RIDE,Lordstown Motors Corp.,08/11/2021,Post-Market
NGMS,NeoGames S.A.,08/11/2021,Post-Market
TIG,"Trean Insurance Group, Inc.",08/11/2021,Post-Market
MSGM,Motorsport Games Inc.,08/11/2021,Post-Market
CPNG,"Coupang, Inc.",08/11/2021,Post-Market
LFST,"LifeStance Health Group, Inc.",08/11/2021,Post-Market
WKME,WalkMe Ltd.,08/11/2021,Post-Market
SNGX,"Soligenix, Inc.",08/11/2021,Estimated
CYCC,"Cyclacel Pharmaceuticals, Inc.",08/11/2021,Estimated
EML,The Eastern Company,08/11/2021,Estimated
AAME,Atlantic American Corporation,08/11/2021,Estimated
AIKI,AIkido Pharma Inc.,08/11/2021,Estimated
DDS,"Dillard's, Inc.",08/11/2021,Estimated
KRMD,"Repro Med Systems, Inc.",08/11/2021,Estimated
TAYD,"Taylor Devices, Inc.",08/11/2021,Estimated
JAX,"J. Alexander's Holdings, Inc.",08/11/2021,Estimated
PRGO,Perrigo Company plc,08/11/2021,Estimated
NAVB,"Navidea Biopharmaceuticals, Inc.",08/11/2021,Estimated
PESI,"Perma-Fix Environmental Services, Inc.",08/11/2021,Estimated
SYKE,"Sykes Enterprises, Incorporated",08/11/2021,Estimated
BDR,"Blonder Tongue Laboratories, Inc.",08/11/2021,Estimated
CARV,"Carver Bancorp, Inc.",08/11/2021,Estimated
PRPH,"ProPhase Labs, Inc.",08/11/2021,Estimated
GMDA,Gamida Cell Ltd.,08/11/2021,Estimated
CAE,CAE Inc.,08/11/2021,Estimated
PCOM,Points International Ltd.,08/11/2021,Estimated
SA,Seabridge Gold Inc.,08/11/2021,Estimated
CLDB,Cortland Bancorp,08/11/2021,Estimated
EVGN,Evogene Ltd.,08/11/2021,Estimated
PHAS,"PhaseBio Pharmaceuticals, Inc.",08/11/2021,Estimated
YTEN,"Yield10 Bioscience, Inc.",08/11/2021,Estimated
PPSI,"Pioneer Power Solutions, Inc.",08/11/2021,Estimated
ALT,"Altimmune, Inc.",08/11/2021,Estimated
HGEN,"Humanigen, Inc.",08/11/2021,Estimated
JE,Just Energy Group Inc.,08/11/2021,Estimated
SINT,"Sintx Technologies, Inc.",08/11/2021,Estimated
BTRS,BTRS Holdings Inc.,08/11/2021,Estimated
IMV,IMV Inc.,08/11/2021,Estimated
SFL,SFL Corporation Ltd.,08/11/2021,Estimated
RMED,"Ra Medical Systems, Inc.",08/11/2021,Estimated
MNKD,MannKind Corporation,08/11/2021,Estimated
SSNT,"SilverSun Technologies, Inc.",08/11/2021,Estimated
ALIM,"Alimera Sciences, Inc.",08/11/2021,Estimated
HFBL,"Home Federal Bancorp, Inc. of Louisiana",08/11/2021,Estimated
PULM,"Pulmatrix, Inc.",08/11/2021,Estimated
HJLI,"Hancock Jaffe Laboratories, Inc.",08/11/2021,Estimated
NEON,Neonode Inc.,08/11/2021,Estimated
AEYE,"AudioEye, Inc.",08/11/2021,Estimated
ARDS,"Aridis Pharmaceuticals, Inc.",08/11/2021,Estimated
VIRX,"Viracta Therapeutics, Inc.",08/11/2021,Estimated
AMWL,American Well Corporation,08/11/2021,Estimated
OAK.PB,"Oaktree Capital Group, LLC 6.550 PFD UNT B",08/11/2021,Estimated
SMWB,Similarweb Ltd.,08/11/2021,Estimated
HTBX,"Heat Biologics, Inc.",08/11/2021,Estimated
XCUR,"Exicure, Inc.",08/11/2021,Estimated
IMNM,"Immunome, Inc.",08/11/2021,Estimated
LAND,Gladstone Land Corporation,08/11/2021,Estimated
DRIO,DarioHealth Corp.,08/11/2021,Estimated
GRAY,"Graybug Vision, Inc.",08/11/2021,Estimated
SNBP,"Sun BioPharma, Inc.",08/11/2021,Estimated
SBEV,"Splash Beverage Group, Inc.",08/11/2021,Estimated
TELA,"TELA Bio, Inc.",08/11/2021,Estimated
GNPX,"Genprex, Inc.",08/11/2021,Estimated
WTER,The Alkaline Water Company Inc.,08/11/2021,Estimated
OPTN,"OptiNose, Inc.",08/11/2021,Estimated
CUEN,Cuentas Inc.,08/11/2021,Estimated
ZOM,Zomedica Corp.,08/11/2021,Estimated
CSSE,"Chicken Soup for the Soul Entertainment, Inc.",08/11/2021,Estimated
STTK,"Shattuck Labs, Inc.",08/11/2021,Estimated
SPRB,"Spruce Biosciences, Inc.",08/11/2021,Estimated
JRSH,"Jerash Holdings (US), Inc.",08/11/2021,Estimated
BHAT,Fujian Blue Hat Interactive Entertainment Technology Ltd.,08/11/2021,Estimated
EVFM,"Evofem Biosciences, Inc.",08/11/2021,Estimated
ADTX,"Aditxt, Inc.",08/11/2021,Estimated
APPH,"AppHarvest, Inc.",08/11/2021,Estimated
INZY,"Inozyme Pharma, Inc.",08/11/2021,Estimated
STNE,StoneCo Ltd.,08/11/2021,Estimated
THCA,Tuscan Holdings Corp. II,08/11/2021,Estimated
IPSC,"Century Therapeutics, Inc.",08/11/2021,Estimated
KDNY,"Chinook Therapeutics, Inc.",08/11/2021,Estimated
ATC,Atotech Limited,08/11/2021,Estimated
COGT,"Cogent Biosciences, Inc.",08/11/2021,Estimated
MCAE,Mountain Crest Acquisition Corp. III,08/11/2021,Estimated
SHC,Sotera Health Company,08/12/2021,Pre-Market
RDCM,RADCOM Ltd.,08/12/2021,Pre-Market
AMS,American Shared Hospital Services,08/12/2021,Pre-Market
APYX,Apyx Medical Corporation,08/12/2021,Pre-Market
DWSN,Dawson Geophysical Company,08/12/2021,Pre-Market
KELYA,"Kelly Services, Inc.",08/12/2021,Pre-Market
MIDD,The Middleby Corporation,08/12/2021,Pre-Market
PFIN,"P&F Industries, Inc.",08/12/2021,Pre-Market
VERU,Veru Inc.,08/12/2021,Pre-Market
EYE,"National Vision Holdings, Inc.",08/12/2021,Pre-Market
NSYS,Nortech Systems Incorporated,08/12/2021,Pre-Market
EFOI,"Energy Focus, Inc.",08/12/2021,Pre-Market
BAM,Brookfield Asset Management Inc.,08/12/2021,Pre-Market
CSU,Capital Senior Living Corporation,08/12/2021,Pre-Market
NGS,"Natural Gas Services Group, Inc.",08/12/2021,Pre-Market
ARKO,Arko Corp.,08/12/2021,Pre-Market
NEPT,Neptune Wellness Solutions Inc.,08/12/2021,Pre-Market
FA,First Advantage Corporation,08/12/2021,Pre-Market
VYNE,VYNE Therapeutics Inc.,08/12/2021,Pre-Market
PGTI,"PGT Innovations, Inc.",08/12/2021,Pre-Market
SOHO,Sotherly Hotels Inc.,08/12/2021,Pre-Market
EURN,Euronav NV,08/12/2021,Pre-Market
GAU,Galiano Gold Inc.,08/12/2021,Pre-Market
INFU,InfuSystem Holdings Inc.,08/12/2021,Pre-Market
AZEK,The AZEK Company Inc.,08/12/2021,Pre-Market
CELH,"Celsius Holdings, Inc.",08/12/2021,Pre-Market
PLTR,Palantir Technologies Inc.,08/12/2021,Pre-Market
PDSB,PDS Biotechnology Corporation,08/12/2021,Pre-Market
TAST,"Carrols Restaurant Group, Inc.",08/12/2021,Pre-Market
CYBR,CyberArk Software Ltd.,08/12/2021,Pre-Market
VIRI,"Virios Therapeutics, Inc.",08/12/2021,Pre-Market
NYC,"New York City REIT, Inc.",08/12/2021,Pre-Market
INSE,"Inspired Entertainment, Inc.",08/12/2021,Pre-Market
BFI,"BurgerFi International, Inc.",08/12/2021,Pre-Market
ETTX,Entasis Therapeutics Holdings Inc.,08/12/2021,Pre-Market
HOOK,HOOKIPA Pharma Inc.,08/12/2021,Pre-Market
GDRX,"GoodRx Holdings, Inc.",08/12/2021,Pre-Market
UTZ,"Utz Brands, Inc.",08/12/2021,Pre-Market
GOED,1847 Goedeker Inc.,08/12/2021,Pre-Market
ARVL,Arrival,08/12/2021,Pre-Market
OGN,Organon & Co.,08/12/2021,Pre-Market
FSTX,"F-star Therapeutics, Inc.",08/12/2021,Pre-Market
ALIT,"Alight, Inc.",08/12/2021,Pre-Market
MKTW,"MarketWise, Inc.",08/12/2021,Pre-Market
SFE,"Safeguard Scientifics, Inc.",08/12/2021,Post-Market
LCTX,"Lineage Cell Therapeutics, Inc.",08/12/2021,Post-Market
BSQR,BSQUARE Corporation,08/12/2021,Post-Market
AWH,Aspira Women's Health Inc.,08/12/2021,Post-Market
EVOL,"Evolving Systems, Inc.",08/12/2021,Post-Market
ICCC,ImmuCell Corporation,08/12/2021,Post-Market
IRIX,IRIDEX Corporation,08/12/2021,Post-Market
THMO,"ThermoGenesis Holdings, Inc.",08/12/2021,Post-Market
VIAV,Viavi Solutions Inc.,08/12/2021,Post-Market
NPCE,"NeuroPace, Inc.",08/12/2021,Post-Market
DIS,The Walt Disney Company,08/12/2021,Post-Market
BLFS,"BioLife Solutions, Inc.",08/12/2021,Post-Market
DCO,Ducommun Incorporated,08/12/2021,Post-Market
SXI,Standex International Corporation,08/12/2021,Post-Market
BIOL,"BIOLASE, Inc.",08/12/2021,Post-Market
BAP,Credicorp Ltd.,08/12/2021,Post-Market
KINS,"Kingstone Companies, Inc.",08/12/2021,Post-Market
USIO,"Usio, Inc.",08/12/2021,Post-Market
AEY,"ADDvantage Technologies Group, Inc.",08/12/2021,Post-Market
LFMD,"LifeMD, Inc.",08/12/2021,Post-Market
LVOX,"LiveVox Holding, Inc.",08/12/2021,Post-Market
FLO,"Flowers Foods, Inc.",08/12/2021,Post-Market
OPGN,"OpGen, Inc.",08/12/2021,Post-Market
PTE,"PolarityTE, Inc.",08/12/2021,Post-Market
HTGM,"HTG Molecular Diagnostics, Inc.",08/12/2021,Post-Market
WPM,Wheaton Precious Metals Corp.,08/12/2021,Post-Market
REED,"Reed's, Inc.",08/12/2021,Post-Market
CRCT,"Cricut, Inc.",08/12/2021,Post-Market
ALTG,Alta Equipment Group Inc.,08/12/2021,Post-Market
APDN,"Applied DNA Sciences, Inc.",08/12/2021,Post-Market
SHSP,"SharpSpring, Inc.",08/12/2021,Post-Market
LZ,"LegalZoom.com, Inc.",08/12/2021,Post-Market
CAPR,"Capricor Therapeutics, Inc.",08/12/2021,Post-Market
NBY,"NovaBay Pharmaceuticals, Inc.",08/12/2021,Post-Market
BEEM,Beam Global,08/12/2021,Post-Market
EVOK,"Evoke Pharma, Inc.",08/12/2021,Post-Market
MRAM,"Everspin Technologies, Inc.",08/12/2021,Post-Market
CODX,"Co-Diagnostics, Inc.",08/12/2021,Post-Market
ELDN,"Eledon Pharmaceuticals, Inc.",08/12/2021,Post-Market
IAS,Integral Ad Science Holding Corp.,08/12/2021,Post-Market
CRMD,CorMedix Inc.,08/12/2021,Post-Market
XL,XL Fleet Corp.,08/12/2021,Post-Market
ORGN,"Origin Materials, Inc.",08/12/2021,Post-Market
LIVX,"LiveXLive Media, Inc.",08/12/2021,Post-Market
ZVIA,Zevia PBC,08/12/2021,Post-Market
PVG,Pretium Resources Inc.,08/12/2021,Post-Market
DSP,Viant Technology Inc.,08/12/2021,Post-Market
ABNB,"Airbnb, Inc.",08/12/2021,Post-Market
TLMD,"SOC Telemed, Inc.",08/12/2021,Post-Market
AGRO,Adecoagro S.A.,08/12/2021,Post-Market
WISH,ContextLogic Inc.,08/12/2021,Post-Market
IGIC,International General Insurance Holdings Ltd.,08/12/2021,Post-Market
FRGI,"Fiesta Restaurant Group, Inc.",08/12/2021,Post-Market
SGHT,"Sight Sciences, Inc.",08/12/2021,Post-Market
SOFI,"SoFi Technologies, Inc.",08/12/2021,Post-Market
MDWT,Midwest Holding Inc.,08/12/2021,Post-Market
SNES,"SenesTech, Inc.",08/12/2021,Post-Market
FIGS,"FIGS, Inc.",08/12/2021,Post-Market
DASH,"DoorDash, Inc.",08/12/2021,Post-Market
GLOB,Globant S.A.,08/12/2021,Post-Market
OSCR,"Oscar Health, Inc.",08/12/2021,Post-Market
PROG,"Progenity, Inc.",08/12/2021,Post-Market
LMB,"Limbach Holdings, Inc.",08/12/2021,Post-Market
HSDT,"Helius Medical Technologies, Inc.",08/12/2021,Post-Market
SYBX,"Synlogic, Inc.",08/12/2021,Post-Market
EAST,"Eastside Distilling, Inc.",08/12/2021,Post-Market
BW,"Babcock & Wilcox Enterprises, Inc.",08/12/2021,Post-Market
HYFM,"Hydrofarm Holdings Group, Inc.",08/12/2021,Post-Market
EAR,"Eargo, Inc.",08/12/2021,Post-Market
MAX,"MediaAlpha, Inc.",08/12/2021,Post-Market
XMTR,"Xometry, Inc.",08/12/2021,Post-Market
MCW,"Mister Car Wash, Inc.",08/12/2021,Post-Market
RLAY,"Relay Therapeutics, Inc.",08/12/2021,Post-Market
MOTS,"Motus GI Holdings, Inc.",08/12/2021,Post-Market
AEVA,"Aeva Technologies, Inc.",08/12/2021,Post-Market
LAZR,"Luminar Technologies, Inc.",08/12/2021,Post-Market
SNDL,Sundial Growers Inc.,08/12/2021,Post-Market
TTCF,"Tattooed Chef, Inc.",08/12/2021,Post-Market
NVVE,Nuvve Holding Corp.,08/12/2021,Post-Market
PAGS,PagSeguro Digital Ltd.,08/12/2021,Post-Market
SEER,"Seer, Inc.",08/12/2021,Post-Market
LMPX,"LMP Automotive Holdings, Inc.",08/12/2021,Post-Market
TFFP,"TFF Pharmaceuticals, Inc.",08/12/2021,Post-Market
KRT,Karat Packaging Inc.,08/12/2021,Post-Market
HOFV,Hall of Fame Resort & Entertainment Company,08/12/2021,Post-Market
AOMR,"Angel Oak Mortgage, Inc.",08/12/2021,Post-Market
CTOS,"Custom Truck One Source, Inc.",08/12/2021,Post-Market
FORA,Forian Inc.,08/12/2021,Post-Market
ASTR,"Astra Space, Inc.",08/12/2021,Post-Market
RSI,"Rush Street Interactive, Inc.",08/12/2021,Post-Market
CNVY,"Convey Holding Parent, Inc.",08/12/2021,Post-Market
IDRA,"Idera Pharmaceuticals, Inc.",08/12/2021,Estimated
CBAY,"CymaBay Therapeutics, Inc.",08/12/2021,Estimated
SWIR,"Sierra Wireless, Inc.",08/12/2021,Estimated
MDP,Meredith Corporation,08/12/2021,Estimated
COHR,"Coherent, Inc.",08/12/2021,Estimated
AE,"Adams Resources & Energy, Inc.",08/12/2021,Estimated
AIRT,"Air T, Inc.",08/12/2021,Estimated
CVM,CEL-SCI Corporation,08/12/2021,Estimated
CLSN,Celsion Corporation,08/12/2021,Estimated
CLRO,"ClearOne, Inc.",08/12/2021,Estimated
IMKTA,"Ingles Markets, Incorporated",08/12/2021,Estimated
IOR,"Income Opportunity Realty Investors, Inc.",08/12/2021,Estimated
GPX,GP Strategies Corporation,08/12/2021,Estimated
RCMT,"RCM Technologies, Inc.",08/12/2021,Estimated
SBR,Sabine Royalty Trust,08/12/2021,Estimated
INTZ,Intrusion Inc.,08/12/2021,Estimated
CYAN,Cyanotech Corporation,08/12/2021,Estimated
IEC,IEC Electronics Corp.,08/12/2021,Estimated
MAGS,Magal Security Systems Ltd.,08/12/2021,Estimated
SYPR,"Sypris Solutions, Inc.",08/12/2021,Estimated
IMH,"Impac Mortgage Holdings, Inc.",08/12/2021,Estimated
CASI,"CASI Pharmaceuticals, Inc.",08/12/2021,Estimated
SPPI,"Spectrum Pharmaceuticals, Inc.",08/12/2021,Estimated
ALJJ,"ALJ Regional Holdings, Inc.",08/12/2021,Estimated
NTIP,"Network-1 Technologies, Inc.",08/12/2021,Estimated
MGIC,Magic Software Enterprises Ltd.,08/12/2021,Estimated
SGRP,"SPAR Group, Inc.",08/12/2021,Estimated
EMAN,eMagin Corporation,08/12/2021,Estimated
ELTK,Eltek Ltd.,08/12/2021,Estimated
CEL,Cellcom Israel Ltd.,08/12/2021,Estimated
ENS,EnerSys,08/12/2021,Estimated
ESLT,Elbit Systems Ltd.,08/12/2021,Estimated
RBCN,"Rubicon Technology, Inc.",08/12/2021,Estimated
ONTX,"Onconova Therapeutics, Inc.",08/12/2021,Estimated
BR,"Broadridge Financial Solutions, Inc.",08/12/2021,Estimated
BIOC,"Biocept, Inc.",08/12/2021,Estimated
FENC,Fennec Pharmaceuticals Inc.,08/12/2021,Estimated
PYR,PyroGenesis Canada Inc.,08/12/2021,Estimated
VTSI,"VirTra, Inc.",08/12/2021,Estimated
ISARF,Ishares Canadian Dex Universe Bond Index Fund,08/12/2021,Estimated
MYSZ,"My Size, Inc.",08/12/2021,Estimated
DYAI,"Dyadic International, Inc.",08/12/2021,Estimated
IUSPF,iShares S&P/TSX Capped REIT Index ETF,08/12/2021,Estimated
EYES,"Second Sight Medical Products, Inc.",08/12/2021,Estimated
MAG,MAG Silver Corp.,08/12/2021,Estimated
NVGS,Navigator Holdings Ltd.,08/12/2021,Estimated
ITSXF,iShares S&P/TSX Capped Financials Index ETF,08/12/2021,Estimated
OSS,"One Stop Systems, Inc.",08/12/2021,Estimated
DUOT,"Duos Technologies Group, Inc.",08/12/2021,Estimated
AVXL,Anavex Life Sciences Corp.,08/12/2021,Estimated
FAPPF,First Asset Pipe&Pwr,08/12/2021,Estimated
ALRN,"Aileron Therapeutics, Inc.",08/12/2021,Estimated
YTRA,"Yatra Online, Inc.",08/12/2021,Estimated
SNMP,Evolve Transition Infrastructure LP,08/12/2021,Estimated
AMTX,"Aemetis, Inc.",08/12/2021,Estimated
EYEG,"EyeGate Pharmaceuticals, Inc.",08/12/2021,Estimated
INPX,Inpixon,08/12/2021,Estimated
IZEA,"IZEA Worldwide, Inc.",08/12/2021,Estimated
CSIQ,Canadian Solar Inc.,08/12/2021,Estimated
GEVO,"Gevo, Inc.",08/12/2021,Estimated
GLBS,Globus Maritime Limited,08/12/2021,Estimated
ALYA,Alithya Group Inc.,08/12/2021,Estimated
DTIL,"Precision BioSciences, Inc.",08/12/2021,Estimated
TRVN,"Trevena, Inc.",08/12/2021,Estimated
VIVE,"Viveve Medical, Inc.",08/12/2021,Estimated
NDRA,ENDRA Life Sciences Inc.,08/12/2021,Estimated
PRFX,PainReform Ltd.,08/12/2021,Estimated
SRNE,"Sorrento Therapeutics, Inc.",08/12/2021,Estimated
KMPH,"KemPharm, Inc.",08/12/2021,Estimated
SESN,"Sesen Bio, Inc.",08/12/2021,Estimated
CATB,"Catabasis Pharmaceuticals, Inc.",08/12/2021,Estimated
PHUN,"Phunware, Inc.",08/12/2021,Estimated
BBI,"Brickell Biotech, Inc.",08/12/2021,Estimated
STAF,"Staffing 360 Solutions, Inc.",08/12/2021,Estimated
VNRX,VolitionRx Limited,08/12/2021,Estimated
NOVN,"Novan, Inc.",08/12/2021,Estimated
MOXC,"Moxian, Inc.",08/12/2021,Estimated
AFIB,"Acutus Medical, Inc.",08/12/2021,Estimated
PHIO,Phio Pharmaceuticals Corp.,08/12/2021,Estimated
BCEL,"Atreca, Inc.",08/12/2021,Estimated
PED,PEDEVCO Corp.,08/12/2021,Estimated
ALNA,"Allena Pharmaceuticals, Inc.",08/12/2021,Estimated
HTBI,"HomeTrust Bancshares, Inc.",08/12/2021,Estimated
SOLY,"Soliton, Inc.",08/12/2021,Estimated
ALLK,Allakos Inc.,08/12/2021,Estimated
TRVI,"Trevi Therapeutics, Inc.",08/12/2021,Estimated
ADN,"Advent Technologies Holdings, Inc.",08/12/2021,Estimated
NGHCN,National General Holdings Corp. DEP SHS PFD C,08/12/2021,Estimated
DTLA.P,Brookfield DTLA Fund Office Trust Investor Inc. PFD SER A 7.625%,08/12/2021,Estimated
IPWR,Ideal Power Inc.,08/12/2021,Estimated
AVIR,"Atea Pharmaceuticals, Inc.",08/12/2021,Estimated
CRBP,"Corbus Pharmaceuticals Holdings, Inc.",08/12/2021,Estimated
NMRD,Nemaura Medical Inc.,08/12/2021,Estimated
GRWG,GrowGeneration Corp.,08/12/2021,Estimated
ZIP,"ZipRecruiter, Inc.",08/12/2021,Estimated
BLBD,Blue Bird Corporation,08/12/2021,Estimated
SLGG,"Super League Gaming, Inc.",08/12/2021,Estimated
PAVM,PAVmed Inc.,08/12/2021,Estimated
ABCL,AbCellera Biologics Inc.,08/12/2021,Estimated
CRNX,"Crinetics Pharmaceuticals, Inc.",08/12/2021,Estimated
INNT,"Innovate Biopharmaceuticals, Inc.",08/12/2021,Estimated
OVID,Ovid Therapeutics Inc.,08/12/2021,Estimated
MTCR,"Metacrine, Inc.",08/12/2021,Estimated
CMPI,"Checkmate Pharmaceuticals, Inc.",08/12/2021,Estimated
LHDX,"Lucira Health, Inc.",08/12/2021,Estimated
ORIC,"ORIC Pharmaceuticals, Inc.",08/12/2021,Estimated
KZR,"Kezar Life Sciences, Inc.",08/12/2021,Estimated
BOXL,Boxlight Corporation,08/12/2021,Estimated
LMFA,"LM Funding America, Inc.",08/12/2021,Estimated
EDSA,"Edesa Biotech, Inc.",08/12/2021,Estimated
DBTX,"Decibel Therapeutics, Inc.",08/12/2021,Estimated
VRCA,Verrica Pharmaceuticals Inc.,08/12/2021,Estimated
FNCH,"Finch Therapeutics Group, Inc.",08/12/2021,Estimated
CCCC,"C4 Therapeutics, Inc.",08/12/2021,Estimated
SBTX,"Silverback Therapeutics, Inc.",08/12/2021,Estimated
GMTX,"Gemini Therapeutics, Inc.",08/12/2021,Estimated
ACHV,"Achieve Life Sciences, Inc.",08/12/2021,Estimated
FREQ,"Frequency Therapeutics, Inc.",08/12/2021,Estimated
DARE,"Daré Bioscience, Inc.",08/12/2021,Estimated
RPTX,Repare Therapeutics Inc.,08/12/2021,Estimated
PCSA,"Processa Pharmaceuticals, Inc.",08/12/2021,Estimated
CLVR,Clever Leaves Holdings Inc.,08/12/2021,Estimated
RXDX,"Prometheus Biosciences, Inc.",08/12/2021,Estimated
AKUS,"Akouos, Inc.",08/12/2021,Estimated
HUT,Hut 8 Mining Corp.,08/12/2021,Estimated
SRRK,Scholar Rock Holding Corporation,08/12/2021,Estimated
IMAC,"IMAC Holdings, Inc.",08/12/2021,Estimated
MOVE,Movano Inc.,08/12/2021,Estimated
INBX,"Inhibrx, Inc.",08/12/2021,Estimated
CBMB,"CBM Bancorp, Inc.",08/12/2021,Estimated
VOR,Vor Biopharma Inc.,08/12/2021,Estimated
EQ,"Equillium, Inc.",08/12/2021,Estimated
OSMT,Osmotica Pharmaceuticals plc,08/12/2021,Estimated
PCT,"PureCycle Technologies, Inc.",08/12/2021,Estimated
YCBD,"cbdMD, Inc.",08/12/2021,Estimated
EWTX,"Edgewise Therapeutics, Inc.",08/12/2021,Estimated
VLON,"Vallon Pharmaceuticals, Inc.",08/12/2021,Estimated
APRE,"Aprea Therapeutics, Inc.",08/12/2021,Estimated
MAXN,"Maxeon Solar Technologies, Ltd.",08/12/2021,Estimated
AGFY,Agrify Corporation,08/12/2021,Estimated
ITOS,"iTeos Therapeutics, Inc.",08/12/2021,Estimated
TREB,Trebia Acquisition Corp.,08/12/2021,Estimated
GROY,Gold Royalty Corp.,08/12/2021,Estimated
RKT,"Rocket Companies, Inc.",08/12/2021,Estimated
FCAX,Fortress Capital Acquisition Corp.,08/12/2021,Estimated
BITE,Bite Acquisition Corp.,08/12/2021,Estimated
ABGI,ABG Acquisition Corp. I,08/12/2021,Estimated
SVFB,SVF Investment Corp. 2,08/12/2021,Estimated
ARYD,ARYA Sciences Acquisition Corp IV,08/12/2021,Estimated
TWIN,"Twin Disc, Incorporated",08/13/2021,Pre-Market
ME,23andMe Holding Co.,08/13/2021,Pre-Market
VERO,Venus Concept Inc.,08/13/2021,Pre-Market
SDPI,"Superior Drilling Products, Inc.",08/13/2021,Pre-Market
ITRM,Iterum Therapeutics plc,08/13/2021,Pre-Market
LEV,The Lion Electric Company,08/13/2021,Pre-Market
VSTA,Vasta Platform Limited,08/13/2021,Pre-Market
DSEY,"Diversey Holdings, Ltd.",08/13/2021,Pre-Market
HRTX,"Heron Therapeutics, Inc.",08/13/2021,Estimated
LORL,Loral Space & Communications Inc.,08/13/2021,Estimated
LEU,Centrus Energy Corp.,08/13/2021,Estimated
PFSW,"PFSweb, Inc.",08/13/2021,Estimated
AIM,AIM ImmunoTech Inc.,08/13/2021,Estimated
ATRI,Atrion Corporation,08/13/2021,Estimated
HALL,"Hallmark Financial Services, Inc.",08/13/2021,Estimated
ARL,"American Realty Investors, Inc.",08/13/2021,Estimated
BRN,"Barnwell Industries, Inc.",08/13/2021,Estimated
GTBP,"GT Biopharma, Inc.",08/13/2021,Estimated
FRD,"Friedman Industries, Incorporated",08/13/2021,Estimated
GENC,"Gencor Industries, Inc.",08/13/2021,Estimated
JOB,"GEE Group, Inc.",08/13/2021,Estimated
IHC,Independence Holding Company,08/13/2021,Estimated
SNFCA,Security National Financial Corporation,08/13/2021,Estimated
SVT,"Servotronics, Inc.",08/13/2021,Estimated
TPHS,Trinity Place Holdings Inc.,08/13/2021,Estimated
TCI,"Transcontinental Realty Investors, Inc.",08/13/2021,Estimated
UG,"United-Guardian, Inc.",08/13/2021,Estimated
USEG,U.S. Energy Corp.,08/13/2021,Estimated
CVU,"CPI Aerostructures, Inc.",08/13/2021,Estimated
MSN,Emerson Radio Corp.,08/13/2021,Estimated
ISIG,"Insignia Systems, Inc.",08/13/2021,Estimated
BNSO,Bonso Electronics International Inc.,08/13/2021,Estimated
WVVI,"Willamette Valley Vineyards, Inc.",08/13/2021,Estimated
GVP,"GSE Systems, Inc.",08/13/2021,Estimated
CARV,"Carver Bancorp, Inc.",08/13/2021,Estimated
SMID,Smith-Midland Corporation,08/13/2021,Estimated
TAIT,Taitron Components Incorporated,08/13/2021,Estimated
SIEB,Siebert Financial Corp.,08/13/2021,Estimated
MLSS,Milestone Scientific Inc.,08/13/2021,Estimated
UNAM,Unico American Corporation,08/13/2021,Estimated
WYY,WidePoint Corporation,08/13/2021,Estimated
BKYI,"BIO-key International, Inc.",08/13/2021,Estimated
ATLC,Atlanticus Holdings Corporation,08/13/2021,Estimated
UAMY,United States Antimony Corporation,08/13/2021,Estimated
DSS,"Document Security Systems, Inc.",08/13/2021,Estimated
RVP,"Retractable Technologies, Inc.",08/13/2021,Estimated
LMNL,Liminal BioSciences Inc.,08/13/2021,Estimated
SMTI,Sanara MedTech Inc.,08/13/2021,Estimated
PALT,"Paltalk, Inc.",08/13/2021,Estimated
RMBI,"Richmond Mutual Bancorporation, Inc.",08/13/2021,Estimated
FSI,Flexible Solutions International Inc.,08/13/2021,Estimated
KIQ,Kelso Technologies Inc.,08/13/2021,Estimated
MXC,Mexco Energy Corporation,08/13/2021,Estimated
MICT,"MICT, Inc.",08/13/2021,Estimated
EGI,Entrée Resources Ltd.,08/13/2021,Estimated
SD,"SandRidge Energy, Inc.",08/13/2021,Estimated
SUNW,"Sunworks, Inc.",08/13/2021,Estimated
OPHC,"OptimumBank Holdings, Inc.",08/13/2021,Estimated
CHCI,"Comstock Holding Companies, Inc.",08/13/2021,Estimated
BLIN,"Bridgeline Digital, Inc.",08/13/2021,Estimated
VTGN,"VistaGen Therapeutics, Inc.",08/13/2021,Estimated
DTST,Data Storage Corporation,08/13/2021,Estimated
EMX,EMX Royalty Corporation,08/13/2021,Estimated
RCRT,"Recruiter.com Group, Inc.",08/13/2021,Estimated
DFFN,Diffusion Pharmaceuticals Inc.,08/13/2021,Estimated
MNOV,"MediciNova, Inc.",08/13/2021,Estimated
CREG,China Recycling Energy Corporation,08/13/2021,Estimated
NETE,"Net Element, Inc.",08/13/2021,Estimated
VCNX,"Vaccinex, Inc.",08/13/2021,Estimated
TRIL,Trillium Therapeutics Inc.,08/13/2021,Estimated
GBR,"New Concept Energy, Inc.",08/13/2021,Estimated
IGC,"India Globalization Capital, Inc.",08/13/2021,Estimated
ITRG,Integra Resources Corp.,08/13/2021,Estimated
CPHI,"China Pharma Holdings, Inc.",08/13/2021,Estimated
EVK,"Ever-Glory International Group, Inc.",08/13/2021,Estimated
RHE,"Regional Health Properties, Inc.",08/13/2021,Estimated
HOLI,Hollysys Automation Technologies Ltd.,08/13/2021,Estimated
VTNR,"Vertex Energy, Inc.",08/13/2021,Estimated
MTEM,"Molecular Templates, Inc.",08/13/2021,Estimated
ANAB,"AnaptysBio, Inc.",08/13/2021,Estimated
LIXT,"Lixte Biotechnology Holdings, Inc.",08/13/2021,Estimated
BLCM,"Bellicum Pharmaceuticals, Inc.",08/13/2021,Estimated
NES,"Nuverra Environmental Solutions, Inc.",08/13/2021,Estimated
ZYNE,"Zynerba Pharmaceuticals, Inc.",08/13/2021,Estimated
BPTH,"Bio-Path Holdings, Inc.",08/13/2021,Estimated
STRO,"Sutro Biopharma, Inc.",08/13/2021,Estimated
EARS,Auris Medical Holding Ltd.,08/13/2021,Estimated
NNA,Navios Maritime Acquisition Corporation,08/13/2021,Estimated
UI,Ubiquiti Inc.,08/13/2021,Estimated
ACST,Acasti Pharma Inc.,08/13/2021,Estimated
POAI,Predictive Oncology Inc.,08/13/2021,Estimated
ARDX,"Ardelyx, Inc.",08/13/2021,Estimated
SVRA,Savara Inc.,08/13/2021,Estimated
CNET,ZW Data Action Technologies Inc.,08/13/2021,Estimated
CJJD,"China Jo-Jo Drugstores, Inc.",08/13/2021,Estimated
